title,price,rating,color,size,gender
T-shirt 2,1634400,3.9,3 Colors,M,Women
Hoodie 3,7950080,4.8,3 Colors,L,Unisex
Pants 4,7476960,3.3,3 Colors,XL,Men
Outerwear 5,5145440,3.5,3 Colors,XXL,Women
Jacket 6,2453920,3.3,3 Colors,S,Unisex
Crewneck 7,6892000,4.3,3 Colors,M,Men
T-shirt 8,7802560,3.1,3 Colors,L,Women
Hoodie 9,3972160,3.2,3 Colors,XL,Unisex
Pants 10,3100160,4.2,3 Colors,XXL,Men
Jacket 12,8527840,3.9,3 Colors,M,Unisex
Crewneck 13,5447200,3.2,3 Colors,L,Men
T-shirt 14,3248800,3.8,3 Colors,XL,Women
Hoodie 15,2184160,3.6,3 Colors,XXL,Unisex
Outerwear 17,841600,3.8,3 Colors,M,Women
Jacket 18,5500000,3.8,3 Colors,L,Unisex
Crewneck 19,1308960,3.6,3 Colors,XL,Men
T-shirt 20,1325600,3.4,3 Colors,XXL,Women
Pants 22,4319680,4.9,3 Colors,M,Men
Outerwear 23,4655840,3.7,3 Colors,L,Women
Jacket 24,8223520,3.9,3 Colors,XL,Unisex
Crewneck 25,8322559,3.3,3 Colors,XXL,Men
T-shirt 26,7292320,4.6,3 Colors,S,Women
Hoodie 27,3551840,4.8,3 Colors,M,Unisex
Pants 28,5216160,4.0,3 Colors,L,Men
Outerwear 29,861600,3.1,3 Colors,XL,Women
Jacket 30,8610240,3.7,3 Colors,XXL,Unisex
T-shirt 32,6657920,3.4,3 Colors,M,Women
Hoodie 33,7248160,3.5,3 Colors,L,Unisex
Pants 34,8362719,3.8,3 Colors,XL,Men
Outerwear 35,1356160,3.8,3 Colors,XXL,Women
Jacket 36,7249280,3.7,3 Colors,S,Unisex
Crewneck 37,6006080,4.0,3 Colors,M,Men
T-shirt 38,4866080,3.2,3 Colors,L,Women
Hoodie 39,6431200,4.6,3 Colors,XL,Unisex
Pants 40,5853600,3.1,3 Colors,XXL,Men
Jacket 42,6744160,3.7,3 Colors,M,Unisex
Crewneck 43,2909600,4.5,3 Colors,L,Men
T-shirt 44,3312320,3.0,3 Colors,XL,Women
Hoodie 45,8693120,4.5,3 Colors,XXL,Unisex
Outerwear 47,6364640,3.2,3 Colors,M,Women
Jacket 48,4994720,3.4,3 Colors,L,Unisex
Crewneck 49,1071200,4.0,3 Colors,XL,Men
T-shirt 50,5932960,3.1,3 Colors,XXL,Women
Pants 52,1596480,4.0,3 Colors,M,Men
Outerwear 53,4470880,4.3,3 Colors,L,Women
Jacket 54,854560,4.2,3 Colors,XL,Unisex
Crewneck 55,1793760,3.6,3 Colors,XXL,Men
T-shirt 56,4643040,3.8,3 Colors,S,Women
Hoodie 57,3155360,4.9,3 Colors,M,Unisex
Pants 58,1637760,4.4,3 Colors,L,Men
Outerwear 59,2254240,4.6,3 Colors,XL,Women
Jacket 60,3375520,4.2,3 Colors,XXL,Unisex
T-shirt 62,1376480,3.8,3 Colors,M,Women
Hoodie 63,6479200,3.6,3 Colors,L,Unisex
Pants 64,7728480,4.0,3 Colors,XL,Men
Outerwear 65,2385920,4.1,3 Colors,XXL,Women
Jacket 66,4353120,3.5,3 Colors,S,Unisex
Crewneck 67,8470720,3.5,3 Colors,M,Men
T-shirt 68,8025280,4.0,3 Colors,L,Women
Hoodie 69,1027839,3.6,3 Colors,XL,Unisex
Pants 70,1171360,4.4,3 Colors,XXL,Men
Jacket 72,3776000,4.4,3 Colors,M,Unisex
Crewneck 73,2460320,3.0,3 Colors,L,Men
T-shirt 74,7704800,3.8,3 Colors,XL,Women
Hoodie 75,2101760,4.3,3 Colors,XXL,Unisex
Outerwear 77,861760,3.7,3 Colors,M,Women
Jacket 78,2716480,4.3,3 Colors,L,Unisex
Crewneck 79,3309600,4.6,3 Colors,XL,Men
T-shirt 80,4178399,4.5,3 Colors,XXL,Women
Pants 82,8315520,4.8,3 Colors,M,Men
Outerwear 83,3947840,3.7,3 Colors,L,Women
Jacket 84,2826080,4.8,3 Colors,XL,Unisex
Crewneck 85,4564160,3.5,3 Colors,XXL,Men
T-shirt 86,1670880,3.9,3 Colors,S,Women
Hoodie 87,7870240,4.3,3 Colors,M,Unisex
Pants 88,7590400,3.1,3 Colors,L,Men
Outerwear 89,4856320,3.0,3 Colors,XL,Women
Jacket 90,7160000,4.0,3 Colors,XXL,Unisex
T-shirt 92,5012320,3.5,3 Colors,M,Women
Hoodie 93,1365280,3.6,3 Colors,L,Unisex
Pants 94,1074880,4.3,3 Colors,XL,Men
Outerwear 95,6062240,3.5,3 Colors,XXL,Women
Jacket 96,4598240,4.9,3 Colors,S,Unisex
Crewneck 97,6113120,3.9,3 Colors,M,Men
T-shirt 98,8596960,3.1,3 Colors,L,Women
Hoodie 99,5028000,3.6,3 Colors,XL,Unisex
Pants 100,2217280,4.6,3 Colors,XXL,Men
Jacket 102,3840640,3.3,3 Colors,M,Unisex
Crewneck 103,2331680,3.5,3 Colors,L,Men
T-shirt 104,2374400,3.8,3 Colors,XL,Women
Hoodie 105,5019840,4.2,3 Colors,XXL,Unisex
Outerwear 107,6625120,4.0,3 Colors,M,Women
Jacket 108,5551680,4.8,3 Colors,L,Unisex
Crewneck 109,5886880,3.3,3 Colors,XL,Men
T-shirt 110,7197120,4.6,3 Colors,XXL,Women
Pants 112,4261920,3.3,3 Colors,M,Men
Outerwear 113,4472000,3.7,3 Colors,L,Women
Jacket 114,5386560,4.9,3 Colors,XL,Unisex
Crewneck 115,1933280,4.5,3 Colors,XXL,Men
T-shirt 116,3474560,3.0,3 Colors,S,Women
Hoodie 117,3376320,5.0,3 Colors,M,Unisex
Pants 118,5585440,3.2,3 Colors,L,Men
Outerwear 119,3561760,3.4,3 Colors,XL,Women
Jacket 120,7480320,4.0,3 Colors,XXL,Unisex
T-shirt 122,1961920,3.6,3 Colors,M,Women
Hoodie 123,4498080,3.8,3 Colors,L,Unisex
Pants 124,7023520,3.2,3 Colors,XL,Men
Outerwear 125,6998240,4.2,3 Colors,XXL,Women
Jacket 126,4426080,3.9,3 Colors,S,Unisex
Crewneck 127,8311680,4.0,3 Colors,M,Men
T-shirt 128,4466720,3.8,3 Colors,L,Women
Hoodie 129,2532480,4.5,3 Colors,XL,Unisex
Pants 130,6603520,4.8,3 Colors,XXL,Men
Jacket 132,6474880,4.2,3 Colors,M,Unisex
Crewneck 133,2016320,4.7,3 Colors,L,Men
T-shirt 134,5937440,3.2,3 Colors,XL,Women
Hoodie 135,5141440,4.7,3 Colors,XXL,Unisex
Outerwear 137,6988320,4.5,3 Colors,M,Women
Jacket 138,4635520,3.4,3 Colors,L,Unisex
Crewneck 139,8053120,4.5,3 Colors,XL,Men
T-shirt 140,6811040,3.5,3 Colors,XXL,Women
Pants 142,2325280,4.9,3 Colors,M,Men
Outerwear 143,3346560,4.9,3 Colors,L,Women
Jacket 144,5758240,4.3,3 Colors,XL,Unisex
Crewneck 145,3472800,4.8,3 Colors,XXL,Men
T-shirt 146,7688640,4.3,3 Colors,S,Women
Hoodie 147,3052800,5.0,3 Colors,M,Unisex
Pants 148,6033440,4.7,3 Colors,L,Men
Outerwear 149,3105920,3.2,3 Colors,XL,Women
Jacket 150,1500640,3.6,3 Colors,XXL,Unisex
T-shirt 152,6288640,4.2,3 Colors,M,Women
Hoodie 153,2660640,4.3,3 Colors,L,Unisex
Pants 154,2337440,3.0,3 Colors,XL,Men
Outerwear 155,3783200,4.1,3 Colors,XXL,Women
Jacket 156,6645120,3.6,3 Colors,S,Unisex
Crewneck 157,1105760,4.0,3 Colors,M,Men
T-shirt 158,7321120,4.0,3 Colors,L,Women
Hoodie 159,2371680,4.9,3 Colors,XL,Unisex
Pants 160,2802880,3.4,3 Colors,XXL,Men
Jacket 162,1543840,4.5,3 Colors,M,Unisex
Crewneck 163,7861920,4.4,3 Colors,L,Men
T-shirt 164,3512000,3.9,3 Colors,XL,Women
Hoodie 165,6921280,4.9,3 Colors,XXL,Unisex
Outerwear 167,3273760,3.1,3 Colors,M,Women
Jacket 168,870400,4.4,3 Colors,L,Unisex
Crewneck 169,8032800,4.7,3 Colors,XL,Men
T-shirt 170,6677920,4.5,3 Colors,XXL,Women
Pants 172,1566080,4.9,3 Colors,M,Men
Outerwear 173,7034560,4.6,3 Colors,L,Women
Jacket 174,6282240,3.3,3 Colors,XL,Unisex
Crewneck 175,8125120,4.5,3 Colors,XXL,Men
T-shirt 176,6104320,3.6,3 Colors,S,Women
Hoodie 177,1890400,4.6,3 Colors,M,Unisex
Pants 178,6184160,3.0,3 Colors,L,Men
Outerwear 179,5816640,3.5,3 Colors,XL,Women
Jacket 180,5552640,3.9,3 Colors,XXL,Unisex
T-shirt 182,2334880,3.8,3 Colors,M,Women
Hoodie 183,3904640,3.6,3 Colors,L,Unisex
Pants 184,7759520,4.5,3 Colors,XL,Men
Outerwear 185,7822880,3.2,3 Colors,XXL,Women
Jacket 186,6940480,4.2,3 Colors,S,Unisex
Crewneck 187,6663520,3.8,3 Colors,M,Men
T-shirt 188,3927840,4.4,3 Colors,L,Women
Hoodie 189,1946720,4.0,3 Colors,XL,Unisex
Pants 190,2220960,4.5,3 Colors,XXL,Men
Jacket 192,5066240,3.8,3 Colors,M,Unisex
Crewneck 193,7355680,4.1,3 Colors,L,Men
T-shirt 194,2818720,4.9,3 Colors,XL,Women
Hoodie 195,7208960,4.9,3 Colors,XXL,Unisex
Outerwear 197,5681600,4.9,3 Colors,M,Women
Jacket 198,5435040,4.5,3 Colors,L,Unisex
Crewneck 199,6744320,3.1,3 Colors,XL,Men
T-shirt 200,6289920,3.5,3 Colors,XXL,Women
Pants 202,5592480,3.3,3 Colors,M,Men
Outerwear 203,2144000,3.4,3 Colors,L,Women
Jacket 204,6031040,3.9,3 Colors,XL,Unisex
Crewneck 205,6434880,3.2,3 Colors,XXL,Men
T-shirt 206,4674720,4.5,3 Colors,S,Women
Hoodie 207,6101440,3.5,3 Colors,M,Unisex
Pants 208,4637600,3.1,3 Colors,L,Men
Outerwear 209,7980640,4.3,3 Colors,XL,Women
Jacket 210,7827360,4.7,3 Colors,XXL,Unisex
T-shirt 212,8794880,4.7,3 Colors,M,Women
Hoodie 213,5748000,3.6,3 Colors,L,Unisex
Pants 214,4315680,4.9,3 Colors,XL,Men
Outerwear 215,1449600,3.8,3 Colors,XXL,Women
Jacket 216,4576480,4.6,3 Colors,S,Unisex
Crewneck 217,5772960,4.8,3 Colors,M,Men
T-shirt 218,5600320,3.1,3 Colors,L,Women
Hoodie 219,5671040,4.6,3 Colors,XL,Unisex
Pants 220,3357600,3.2,3 Colors,XXL,Men
Jacket 222,7438080,3.4,3 Colors,M,Unisex
Crewneck 223,952960,4.8,3 Colors,L,Men
T-shirt 224,3534560,4.5,3 Colors,XL,Women
Hoodie 225,5232800,3.5,3 Colors,XXL,Unisex
Outerwear 227,6742560,4.8,3 Colors,M,Women
Jacket 228,8076800,4.5,3 Colors,L,Unisex
Crewneck 229,3101920,4.9,3 Colors,XL,Men
T-shirt 230,7133280,4.5,3 Colors,XXL,Women
Pants 232,8327360,4.0,3 Colors,M,Men
Outerwear 233,847360,4.8,3 Colors,L,Women
Jacket 234,1159200,4.5,3 Colors,XL,Unisex
Crewneck 235,6560320,3.4,3 Colors,XXL,Men
T-shirt 236,5492320,3.9,3 Colors,S,Women
Hoodie 237,4743520,3.1,3 Colors,M,Unisex
Pants 238,8301920,3.8,3 Colors,L,Men
Outerwear 239,7934080,3.1,3 Colors,XL,Women
Jacket 240,7600000,3.8,3 Colors,XXL,Unisex
T-shirt 242,4833600,3.4,3 Colors,M,Women
Hoodie 243,3371680,3.1,3 Colors,L,Unisex
Pants 244,8116160,3.1,3 Colors,XL,Men
Outerwear 245,1451680,4.0,3 Colors,XXL,Women
Jacket 246,8735040,3.1,3 Colors,S,Unisex
Crewneck 247,8769120,3.0,3 Colors,M,Men
T-shirt 248,2280000,4.5,3 Colors,L,Women
Hoodie 249,2149440,4.2,3 Colors,XL,Unisex
Pants 250,4314240,3.1,3 Colors,XXL,Men
Jacket 252,8408480,3.2,3 Colors,M,Unisex
Crewneck 253,1854720,3.9,3 Colors,L,Men
T-shirt 254,5984160,3.9,3 Colors,XL,Women
Hoodie 255,3668000,4.1,3 Colors,XXL,Unisex
Outerwear 257,7073120,5.0,3 Colors,M,Women
Jacket 258,2080639,4.7,3 Colors,L,Unisex
Crewneck 259,2275520,3.3,3 Colors,XL,Men
T-shirt 260,6271520,3.5,3 Colors,XXL,Women
Pants 262,1097760,3.4,3 Colors,M,Men
Outerwear 263,1878400,4.2,3 Colors,L,Women
Jacket 264,2063040,4.8,3 Colors,XL,Unisex
Crewneck 265,2483040,3.5,3 Colors,XXL,Men
T-shirt 266,4842080,4.6,3 Colors,S,Women
Hoodie 267,4086240,4.3,3 Colors,M,Unisex
Pants 268,5005120,3.6,3 Colors,L,Men
Outerwear 269,8073920,3.1,3 Colors,XL,Women
Jacket 270,2569120,4.2,3 Colors,XXL,Unisex
T-shirt 272,5811840,3.3,3 Colors,M,Women
Hoodie 273,5291360,4.9,3 Colors,L,Unisex
Pants 274,3669280,4.2,3 Colors,XL,Men
Outerwear 275,5575360,4.8,3 Colors,XXL,Women
Jacket 276,1013600,4.3,3 Colors,S,Unisex
Crewneck 277,2383680,4.7,3 Colors,M,Men
T-shirt 278,2087360,3.8,3 Colors,L,Women
Hoodie 279,5592320,4.7,3 Colors,XL,Unisex
Pants 280,7501440,3.9,3 Colors,XXL,Men
Jacket 282,2227040,3.0,3 Colors,M,Unisex
Crewneck 283,6633120,3.2,3 Colors,L,Men
T-shirt 284,6568000,3.6,3 Colors,XL,Women
Hoodie 285,3009120,3.2,3 Colors,XXL,Unisex
Outerwear 287,5273600,3.7,3 Colors,M,Women
Jacket 288,3123040,4.1,3 Colors,L,Unisex
Crewneck 289,888000,4.0,3 Colors,XL,Men
T-shirt 290,6425120,4.2,3 Colors,XXL,Women
Pants 292,2384480,3.9,3 Colors,M,Men
Outerwear 293,1176160,4.5,3 Colors,L,Women
Jacket 294,5947200,3.8,3 Colors,XL,Unisex
Crewneck 295,7266720,4.9,3 Colors,XXL,Men
T-shirt 296,1172160,3.1,3 Colors,S,Women
Hoodie 297,7801120,3.6,3 Colors,M,Unisex
Pants 298,2426080,4.8,3 Colors,L,Men
Outerwear 299,1947840,4.3,3 Colors,XL,Women
Jacket 300,6408480,4.0,3 Colors,XXL,Unisex
T-shirt 302,5711200,3.2,3 Colors,M,Women
Hoodie 303,7974560,4.1,3 Colors,L,Unisex
Pants 304,7129760,3.4,3 Colors,XL,Men
Outerwear 305,6325440,4.5,3 Colors,XXL,Women
Jacket 306,7575040,4.2,3 Colors,S,Unisex
Crewneck 307,7735200,3.7,3 Colors,M,Men
T-shirt 308,4086080,4.1,3 Colors,L,Women
Hoodie 309,3953120,4.8,3 Colors,XL,Unisex
Pants 310,6329280,4.7,3 Colors,XXL,Men
Jacket 312,7267040,3.8,3 Colors,M,Unisex
Crewneck 313,1948320,3.1,3 Colors,L,Men
T-shirt 314,6017120,3.2,3 Colors,XL,Women
Hoodie 315,7022880,3.1,3 Colors,XXL,Unisex
Outerwear 317,5259040,3.3,3 Colors,M,Women
Jacket 318,5667200,3.7,3 Colors,L,Unisex
Crewneck 319,3085920,3.3,3 Colors,XL,Men
T-shirt 320,829440,3.3,3 Colors,XXL,Women
Pants 322,7810400,3.2,3 Colors,M,Men
Outerwear 323,8468000,3.1,3 Colors,L,Women
Jacket 324,6082720,3.3,3 Colors,XL,Unisex
Crewneck 325,3001760,3.4,3 Colors,XXL,Men
T-shirt 326,4519360,4.9,3 Colors,S,Women
Hoodie 327,6641440,4.4,3 Colors,M,Unisex
Pants 328,5732960,4.5,3 Colors,L,Men
Outerwear 329,6724160,4.7,3 Colors,XL,Women
Jacket 330,1591200,4.3,3 Colors,XXL,Unisex
T-shirt 332,2335680,3.4,3 Colors,M,Women
Hoodie 333,1746080,4.8,3 Colors,L,Unisex
Pants 334,2409440,3.8,3 Colors,XL,Men
Outerwear 335,2826720,3.0,3 Colors,XXL,Women
Jacket 336,6237760,5.0,3 Colors,S,Unisex
Crewneck 337,8608800,4.3,3 Colors,M,Men
T-shirt 338,2883360,3.9,3 Colors,L,Women
Hoodie 339,4424800,4.9,3 Colors,XL,Unisex
Pants 340,5975200,4.3,3 Colors,XXL,Men
Jacket 342,1827680,4.8,3 Colors,M,Unisex
Crewneck 343,2279040,4.1,3 Colors,L,Men
T-shirt 344,3415680,4.5,3 Colors,XL,Women
Hoodie 345,7577440,3.3,3 Colors,XXL,Unisex
Outerwear 347,6986080,4.7,3 Colors,M,Women
Jacket 348,3195040,4.6,3 Colors,L,Unisex
Crewneck 349,6085600,3.5,3 Colors,XL,Men
T-shirt 350,8047680,5.0,3 Colors,XXL,Women
Pants 352,2838880,4.0,3 Colors,M,Men
Outerwear 353,961600,3.6,3 Colors,L,Women
Jacket 354,2294720,3.8,3 Colors,XL,Unisex
Crewneck 355,4246560,3.2,3 Colors,XXL,Men
T-shirt 356,7150080,4.3,3 Colors,S,Women
Hoodie 357,3739360,3.6,3 Colors,M,Unisex
Pants 358,8479520,3.9,3 Colors,L,Men
Outerwear 359,1696480,4.3,3 Colors,XL,Women
Jacket 360,8788320,4.8,3 Colors,XXL,Unisex
T-shirt 362,4776800,5.0,3 Colors,M,Women
Hoodie 363,1171360,3.2,3 Colors,L,Unisex
Pants 364,4972800,4.8,3 Colors,XL,Men
Outerwear 365,6956480,4.5,3 Colors,XXL,Women
Jacket 366,5854880,4.9,3 Colors,S,Unisex
Crewneck 367,8359360,4.9,3 Colors,M,Men
T-shirt 368,965120,3.2,3 Colors,L,Women
Hoodie 369,7204960,4.7,3 Colors,XL,Unisex
Pants 370,4559680,3.6,3 Colors,XXL,Men
Jacket 372,5052960,3.6,3 Colors,M,Unisex
Crewneck 373,2231040,3.6,3 Colors,L,Men
T-shirt 374,7697120,3.9,3 Colors,XL,Women
Hoodie 375,7027520,3.9,3 Colors,XXL,Unisex
Outerwear 377,6802080,4.8,3 Colors,M,Women
Jacket 378,3402400,3.6,3 Colors,L,Unisex
Crewneck 379,3963200,4.4,3 Colors,XL,Men
T-shirt 380,2547040,3.8,3 Colors,XXL,Women
Pants 382,1356160,4.4,3 Colors,M,Men
Outerwear 383,3431040,3.4,3 Colors,L,Women
Jacket 384,1452960,3.3,3 Colors,XL,Unisex
Crewneck 385,7950720,4.9,3 Colors,XXL,Men
T-shirt 386,4793600,4.6,3 Colors,S,Women
Hoodie 387,8418080,4.2,3 Colors,M,Unisex
Pants 388,931200,3.1,3 Colors,L,Men
Outerwear 389,2883200,5.0,3 Colors,XL,Women
Jacket 390,5432960,3.3,3 Colors,XXL,Unisex
T-shirt 392,1226080,4.4,3 Colors,M,Women
Hoodie 393,4068480,3.2,3 Colors,L,Unisex
Pants 394,3540000,3.3,3 Colors,XL,Men
Outerwear 395,3098720,4.0,3 Colors,XXL,Women
Jacket 396,2505280,3.9,3 Colors,S,Unisex
Crewneck 397,855360,3.6,3 Colors,M,Men
T-shirt 398,4592800,4.7,3 Colors,L,Women
Hoodie 399,2523520,3.6,3 Colors,XL,Unisex
Pants 400,6020640,4.7,3 Colors,XXL,Men
Jacket 402,2029120,4.6,3 Colors,M,Unisex
Crewneck 403,1580320,4.1,3 Colors,L,Men
T-shirt 404,3501120,4.9,3 Colors,XL,Women
Hoodie 405,5080160,3.8,3 Colors,XXL,Unisex
Outerwear 407,2761280,3.7,3 Colors,M,Women
Jacket 408,4176000,4.9,3 Colors,L,Unisex
Crewneck 409,3221760,3.5,3 Colors,XL,Men
T-shirt 410,1586720,3.1,3 Colors,XXL,Women
Pants 412,5438240,4.4,3 Colors,M,Men
Outerwear 413,1306400,3.4,3 Colors,L,Women
Jacket 414,2234720,3.7,3 Colors,XL,Unisex
Crewneck 415,3617440,3.1,3 Colors,XXL,Men
T-shirt 416,4454080,3.1,3 Colors,S,Women
Hoodie 417,2769440,4.6,3 Colors,M,Unisex
Pants 418,6307840,5.0,3 Colors,L,Men
Outerwear 419,7004000,5.0,3 Colors,XL,Women
Jacket 420,2472640,3.1,3 Colors,XXL,Unisex
T-shirt 422,924320,3.9,3 Colors,M,Women
Hoodie 423,4601760,3.7,3 Colors,L,Unisex
Pants 424,3865760,4.4,3 Colors,XL,Men
Outerwear 425,2528480,4.8,3 Colors,XXL,Women
Jacket 426,3462400,3.4,3 Colors,S,Unisex
Crewneck 427,6375200,3.3,3 Colors,M,Men
T-shirt 428,7053120,4.9,3 Colors,L,Women
Hoodie 429,1658560,4.9,3 Colors,XL,Unisex
Pants 430,1442080,3.9,3 Colors,XXL,Men
Jacket 432,2151840,4.5,3 Colors,M,Unisex
Crewneck 433,3872480,4.2,3 Colors,L,Men
T-shirt 434,6557120,4.9,3 Colors,XL,Women
Hoodie 435,1015680,4.0,3 Colors,XXL,Unisex
Outerwear 437,1016800,3.9,3 Colors,M,Women
Jacket 438,2453120,4.5,3 Colors,L,Unisex
Crewneck 439,4005440,3.2,3 Colors,XL,Men
T-shirt 440,5326080,3.0,3 Colors,XXL,Women
Pants 442,4701600,4.3,3 Colors,M,Men
Outerwear 443,7262720,4.2,3 Colors,L,Women
Jacket 444,4016960,3.3,3 Colors,XL,Unisex
Crewneck 445,3574240,4.5,3 Colors,XXL,Men
T-shirt 446,7740160,3.2,3 Colors,S,Women
Hoodie 447,4748640,4.0,3 Colors,M,Unisex
Pants 448,820160,4.4,3 Colors,L,Men
Outerwear 449,6410080,4.0,3 Colors,XL,Women
Jacket 450,8754880,3.1,3 Colors,XXL,Unisex
T-shirt 452,6892800,4.4,3 Colors,M,Women
Hoodie 453,6576960,4.2,3 Colors,L,Unisex
Pants 454,2179520,5.0,3 Colors,XL,Men
Outerwear 455,1094080,4.8,3 Colors,XXL,Women
Jacket 456,8096000,4.1,3 Colors,S,Unisex
Crewneck 457,7342880,4.8,3 Colors,M,Men
T-shirt 458,4240000,4.4,3 Colors,L,Women
Hoodie 459,3237280,3.5,3 Colors,XL,Unisex
Pants 460,1880800,3.6,3 Colors,XXL,Men
Jacket 462,6767840,4.5,3 Colors,M,Unisex
Crewneck 463,7539520,4.5,3 Colors,L,Men
T-shirt 464,6070080,4.5,3 Colors,XL,Women
Hoodie 465,6164320,4.7,3 Colors,XXL,Unisex
Outerwear 467,1325920,3.5,3 Colors,M,Women
Jacket 468,4584960,3.7,3 Colors,L,Unisex
Crewneck 469,1738880,4.2,3 Colors,XL,Men
T-shirt 470,7738880,3.1,3 Colors,XXL,Women
Pants 472,3902080,3.1,3 Colors,M,Men
Outerwear 473,5478080,4.2,3 Colors,L,Women
Jacket 474,5864960,4.7,3 Colors,XL,Unisex
Crewneck 475,7017280,4.6,3 Colors,XXL,Men
T-shirt 476,3986240,4.3,3 Colors,S,Women
Hoodie 477,6626080,4.2,3 Colors,M,Unisex
Pants 478,4912000,3.8,3 Colors,L,Men
Outerwear 479,7302400,4.4,3 Colors,XL,Women
Jacket 480,4986240,4.2,3 Colors,XXL,Unisex
T-shirt 482,3352480,4.8,3 Colors,M,Women
Hoodie 483,4035040,4.2,3 Colors,L,Unisex
Pants 484,6428640,4.1,3 Colors,XL,Men
Outerwear 485,4044480,4.7,3 Colors,XXL,Women
Jacket 486,2573760,3.0,3 Colors,S,Unisex
Crewneck 487,6955520,3.7,3 Colors,M,Men
T-shirt 488,8789760,3.8,3 Colors,L,Women
Hoodie 489,3554560,5.0,3 Colors,XL,Unisex
Pants 490,7081600,3.1,3 Colors,XXL,Men
Jacket 492,6011840,3.0,3 Colors,M,Unisex
Crewneck 493,5071520,4.8,3 Colors,L,Men
T-shirt 494,1390080,3.4,3 Colors,XL,Women
Hoodie 495,1663200,4.5,3 Colors,XXL,Unisex
Outerwear 497,3957760,4.4,3 Colors,M,Women
Jacket 498,4412800,4.6,3 Colors,L,Unisex
Crewneck 499,7825920,4.1,3 Colors,XL,Men
T-shirt 500,8114400,4.2,3 Colors,XXL,Women
Pants 502,7132480,4.4,3 Colors,M,Men
Outerwear 503,4924480,4.8,3 Colors,L,Women
Jacket 504,8024480,5.0,3 Colors,XL,Unisex
Crewneck 505,8747680,4.3,3 Colors,XXL,Men
T-shirt 506,8572000,3.6,3 Colors,S,Women
Hoodie 507,6844000,4.7,3 Colors,M,Unisex
Pants 508,7766080,3.5,3 Colors,L,Men
Outerwear 509,7178400,3.1,3 Colors,XL,Women
Jacket 510,1562080,3.4,3 Colors,XXL,Unisex
T-shirt 512,4319680,3.7,3 Colors,M,Women
Hoodie 513,1693760,4.4,3 Colors,L,Unisex
Pants 514,6888960,3.9,3 Colors,XL,Men
Outerwear 515,7262560,3.1,3 Colors,XXL,Women
Jacket 516,7130720,3.4,3 Colors,S,Unisex
Crewneck 517,1069280,3.5,3 Colors,M,Men
T-shirt 518,2575680,4.1,3 Colors,L,Women
Hoodie 519,2236160,4.5,3 Colors,XL,Unisex
Pants 520,2308320,3.8,3 Colors,XXL,Men
Jacket 522,6292960,4.0,3 Colors,M,Unisex
Crewneck 523,3626720,4.6,3 Colors,L,Men
T-shirt 524,936000,3.8,3 Colors,XL,Women
Hoodie 525,7919040,3.6,3 Colors,XXL,Unisex
Outerwear 527,4669280,3.6,3 Colors,M,Women
Jacket 528,5595840,4.0,3 Colors,L,Unisex
Crewneck 529,1420160,3.2,3 Colors,XL,Men
T-shirt 530,6173760,3.3,3 Colors,XXL,Women
Pants 532,8391200,4.1,3 Colors,M,Men
Outerwear 533,3370240,4.2,3 Colors,L,Women
Jacket 534,3479200,3.7,3 Colors,XL,Unisex
Crewneck 535,3901280,3.7,3 Colors,XXL,Men
T-shirt 536,5092480,3.0,3 Colors,S,Women
Hoodie 537,8671840,3.1,3 Colors,M,Unisex
Pants 538,6134240,3.4,3 Colors,L,Men
Outerwear 539,4692640,4.7,3 Colors,XL,Women
Jacket 540,7051840,4.4,3 Colors,XXL,Unisex
T-shirt 542,4761440,3.5,3 Colors,M,Women
Hoodie 543,8715680,4.7,3 Colors,L,Unisex
Pants 544,5957760,3.1,3 Colors,XL,Men
Outerwear 545,3579360,4.0,3 Colors,XXL,Women
Jacket 546,6271520,3.3,3 Colors,S,Unisex
Crewneck 547,5361120,3.9,3 Colors,M,Men
T-shirt 548,2686240,4.6,3 Colors,L,Women
Hoodie 549,2687200,3.7,3 Colors,XL,Unisex
Pants 550,4450080,4.9,3 Colors,XXL,Men
Jacket 552,5380320,4.1,3 Colors,M,Unisex
Crewneck 553,7760800,3.8,3 Colors,L,Men
T-shirt 554,4001120,4.5,3 Colors,XL,Women
Hoodie 555,1809600,3.0,3 Colors,XXL,Unisex
Outerwear 557,5460480,3.4,3 Colors,M,Women
Jacket 558,5007040,4.0,3 Colors,L,Unisex
Crewneck 559,1590880,3.5,3 Colors,XL,Men
T-shirt 560,6885280,4.2,3 Colors,XXL,Women
Pants 562,3724160,4.5,3 Colors,M,Men
Outerwear 563,8197440,4.7,3 Colors,L,Women
Jacket 564,8319200,4.3,3 Colors,XL,Unisex
Crewneck 565,7635200,3.5,3 Colors,XXL,Men
T-shirt 566,2611360,4.6,3 Colors,S,Women
Hoodie 567,4576160,3.2,3 Colors,M,Unisex
Pants 568,2984160,3.3,3 Colors,L,Men
Outerwear 569,4966880,4.7,3 Colors,XL,Women
Jacket 570,4000960,3.9,3 Colors,XXL,Unisex
T-shirt 572,4756320,3.2,3 Colors,M,Women
Hoodie 573,6954080,4.5,3 Colors,L,Unisex
Pants 574,2424000,3.8,3 Colors,XL,Men
Outerwear 575,3517760,3.4,3 Colors,XXL,Women
Jacket 576,805600,3.5,3 Colors,S,Unisex
Crewneck 577,7873920,3.3,3 Colors,M,Men
T-shirt 578,7958880,4.1,3 Colors,L,Women
Hoodie 579,4428640,4.4,3 Colors,XL,Unisex
Pants 580,2625440,3.3,3 Colors,XXL,Men
Jacket 582,4112160,4.1,3 Colors,M,Unisex
Crewneck 583,5737760,4.5,3 Colors,L,Men
T-shirt 584,6964960,4.8,3 Colors,XL,Women
Hoodie 585,6186880,4.9,3 Colors,XXL,Unisex
Outerwear 587,4424960,4.4,3 Colors,M,Women
Jacket 588,4963040,4.7,3 Colors,L,Unisex
Crewneck 589,931840,4.7,3 Colors,XL,Men
T-shirt 590,6457120,3.9,3 Colors,XXL,Women
Pants 592,6805440,4.3,3 Colors,M,Men
Outerwear 593,7163840,3.9,3 Colors,L,Women
Jacket 594,8707680,4.2,3 Colors,XL,Unisex
Crewneck 595,3723840,3.5,3 Colors,XXL,Men
T-shirt 596,8290400,4.4,3 Colors,S,Women
Hoodie 597,7969440,3.3,3 Colors,M,Unisex
Pants 598,4714080,4.1,3 Colors,L,Men
Outerwear 599,1179040,3.3,3 Colors,XL,Women
Jacket 600,6414080,3.0,3 Colors,XXL,Unisex
T-shirt 602,2260960,4.4,3 Colors,M,Women
Hoodie 603,7511520,3.1,3 Colors,L,Unisex
Pants 604,7662240,4.3,3 Colors,XL,Men
Outerwear 605,1710720,3.7,3 Colors,XXL,Women
Jacket 606,5770720,4.6,3 Colors,S,Unisex
Crewneck 607,3857600,3.1,3 Colors,M,Men
T-shirt 608,7047840,4.6,3 Colors,L,Women
Hoodie 609,2956320,4.1,3 Colors,XL,Unisex
Pants 610,4515360,3.3,3 Colors,XXL,Men
Jacket 612,3202720,3.1,3 Colors,M,Unisex
Crewneck 613,1013920,3.6,3 Colors,L,Men
T-shirt 614,2428160,3.1,3 Colors,XL,Women
Hoodie 615,4798720,4.8,3 Colors,XXL,Unisex
Outerwear 617,1765920,4.3,3 Colors,M,Women
Jacket 618,6474080,3.3,3 Colors,L,Unisex
Crewneck 619,8340639,4.4,3 Colors,XL,Men
T-shirt 620,2270240,3.3,3 Colors,XXL,Women
Pants 622,4849600,3.5,3 Colors,M,Men
Outerwear 623,7299520,4.6,3 Colors,L,Women
Jacket 624,6943200,3.9,3 Colors,XL,Unisex
Crewneck 625,7826400,4.1,3 Colors,XXL,Men
T-shirt 626,7777440,4.5,3 Colors,S,Women
Hoodie 627,1232320,3.2,3 Colors,M,Unisex
Pants 628,8113120,4.3,3 Colors,L,Men
Outerwear 629,3997920,4.4,3 Colors,XL,Women
Jacket 630,1003680,3.8,3 Colors,XXL,Unisex
T-shirt 632,4314240,3.6,3 Colors,M,Women
Hoodie 633,3128000,3.1,3 Colors,L,Unisex
Pants 634,8535680,3.9,3 Colors,XL,Men
Outerwear 635,6897120,4.1,3 Colors,XXL,Women
Jacket 636,3476320,4.5,3 Colors,S,Unisex
Crewneck 637,6030240,4.0,3 Colors,M,Men
T-shirt 638,5220960,4.6,3 Colors,L,Women
Hoodie 639,6782720,4.7,3 Colors,XL,Unisex
Pants 640,3038560,3.8,3 Colors,XXL,Men
Jacket 642,7747360,4.7,3 Colors,M,Unisex
Crewneck 643,6116000,3.2,3 Colors,L,Men
T-shirt 644,7479360,4.2,3 Colors,XL,Women
Hoodie 645,3285440,3.3,3 Colors,XXL,Unisex
Outerwear 647,4304960,3.8,3 Colors,M,Women
Jacket 648,8699520,4.5,3 Colors,L,Unisex
Crewneck 649,8588160,3.2,3 Colors,XL,Men
T-shirt 650,8012800,3.4,3 Colors,XXL,Women
Pants 652,6084960,3.3,3 Colors,M,Men
Outerwear 653,2622080,4.0,3 Colors,L,Women
Jacket 654,4089440,4.7,3 Colors,XL,Unisex
Crewneck 655,1834240,4.1,3 Colors,XXL,Men
T-shirt 656,2538720,4.2,3 Colors,S,Women
Hoodie 657,8459040,4.8,3 Colors,M,Unisex
Pants 658,6268320,3.8,3 Colors,L,Men
Outerwear 659,1817920,3.3,3 Colors,XL,Women
Jacket 660,8715200,3.5,3 Colors,XXL,Unisex
T-shirt 662,1422720,4.5,3 Colors,M,Women
Hoodie 663,7087200,4.0,3 Colors,L,Unisex
Pants 664,8248639,3.5,3 Colors,XL,Men
Outerwear 665,4033600,3.2,3 Colors,XXL,Women
Jacket 666,4844000,3.9,3 Colors,S,Unisex
Crewneck 667,1756640,3.7,3 Colors,M,Men
T-shirt 668,5044640,3.7,3 Colors,L,Women
Hoodie 669,2346080,3.3,3 Colors,XL,Unisex
Pants 670,8406720,4.8,3 Colors,XXL,Men
Jacket 672,4776160,4.5,3 Colors,M,Unisex
Crewneck 673,2803360,4.7,3 Colors,L,Men
T-shirt 674,3156640,3.1,3 Colors,XL,Women
Hoodie 675,4314880,3.2,3 Colors,XXL,Unisex
Outerwear 677,4657440,3.3,3 Colors,M,Women
Jacket 678,2777120,4.3,3 Colors,L,Unisex
Crewneck 679,6373120,3.2,3 Colors,XL,Men
T-shirt 680,8164800,3.2,3 Colors,XXL,Women
Pants 682,7616480,3.9,3 Colors,M,Men
Outerwear 683,3907360,3.6,3 Colors,L,Women
Jacket 684,7102560,3.5,3 Colors,XL,Unisex
Crewneck 685,1495840,4.6,3 Colors,XXL,Men
T-shirt 686,5381760,3.8,3 Colors,S,Women
Hoodie 687,4220800,4.7,3 Colors,M,Unisex
Pants 688,1487520,4.4,3 Colors,L,Men
Outerwear 689,1939040,4.6,3 Colors,XL,Women
Jacket 690,8782560,4.7,3 Colors,XXL,Unisex
T-shirt 692,1416480,4.1,3 Colors,M,Women
Hoodie 693,3031680,4.1,3 Colors,L,Unisex
Pants 694,2466720,3.4,3 Colors,XL,Men
Outerwear 695,959360,3.3,3 Colors,XXL,Women
Jacket 696,5146240,4.2,3 Colors,S,Unisex
Crewneck 697,6545120,5.0,3 Colors,M,Men
T-shirt 698,2444960,4.1,3 Colors,L,Women
Hoodie 699,5250240,4.5,3 Colors,XL,Unisex
Pants 700,3526560,4.3,3 Colors,XXL,Men
Jacket 702,4927680,4.3,3 Colors,M,Unisex
Crewneck 703,2949120,4.2,3 Colors,L,Men
T-shirt 704,6214240,4.1,3 Colors,XL,Women
Hoodie 705,3042880,3.1,3 Colors,XXL,Unisex
Outerwear 707,7746240,4.4,3 Colors,M,Women
Jacket 708,8541280,4.3,3 Colors,L,Unisex
Crewneck 709,7022400,3.9,3 Colors,XL,Men
T-shirt 710,3751520,3.2,3 Colors,XXL,Women
Pants 712,1510400,4.1,3 Colors,M,Men
Outerwear 713,3142880,4.4,3 Colors,L,Women
Jacket 714,892320,3.1,3 Colors,XL,Unisex
Crewneck 715,7021760,3.9,3 Colors,XXL,Men
T-shirt 716,3602560,4.9,3 Colors,S,Women
Hoodie 717,1532800,3.6,3 Colors,M,Unisex
Pants 718,4057120,3.2,3 Colors,L,Men
Outerwear 719,3172960,4.7,3 Colors,XL,Women
Jacket 720,2028320,3.8,3 Colors,XXL,Unisex
T-shirt 722,8724320,3.2,3 Colors,M,Women
Hoodie 723,5664800,3.4,3 Colors,L,Unisex
Pants 724,4824800,4.7,3 Colors,XL,Men
Outerwear 725,4979200,3.0,3 Colors,XXL,Women
Jacket 726,6345920,3.5,3 Colors,S,Unisex
Crewneck 727,4024000,4.8,3 Colors,M,Men
T-shirt 728,8173440,3.0,3 Colors,L,Women
Hoodie 729,6431360,3.6,3 Colors,XL,Unisex
Pants 730,7228800,4.5,3 Colors,XXL,Men
Jacket 732,6597600,3.9,3 Colors,M,Unisex
Crewneck 733,1162880,4.7,3 Colors,L,Men
T-shirt 734,6858560,4.2,3 Colors,XL,Women
Hoodie 735,4664320,4.0,3 Colors,XXL,Unisex
Outerwear 737,1015680,4.7,3 Colors,M,Women
Jacket 738,1893920,3.7,3 Colors,L,Unisex
Crewneck 739,8072960,3.3,3 Colors,XL,Men
T-shirt 740,7016640,3.4,3 Colors,XXL,Women
Pants 742,5626080,3.6,3 Colors,M,Men
Outerwear 743,5678080,3.0,3 Colors,L,Women
Jacket 744,5175680,4.1,3 Colors,XL,Unisex
Crewneck 745,2882560,3.8,3 Colors,XXL,Men
T-shirt 746,1517440,5.0,3 Colors,S,Women
Hoodie 747,6326880,4.7,3 Colors,M,Unisex
Pants 748,3134080,3.7,3 Colors,L,Men
Outerwear 749,2627360,3.2,3 Colors,XL,Women
Jacket 750,1030400,3.7,3 Colors,XXL,Unisex
T-shirt 752,7431520,3.8,3 Colors,M,Women
Hoodie 753,8137600,4.8,3 Colors,L,Unisex
Pants 754,7229760,3.1,3 Colors,XL,Men
Outerwear 755,6910400,4.6,3 Colors,XXL,Women
Jacket 756,7128000,3.1,3 Colors,S,Unisex
Crewneck 757,7582720,4.4,3 Colors,M,Men
T-shirt 758,6025920,3.1,3 Colors,L,Women
Hoodie 759,2779840,4.7,3 Colors,XL,Unisex
Pants 760,2191040,4.1,3 Colors,XXL,Men
Jacket 762,4091840,4.9,3 Colors,M,Unisex
Crewneck 763,5792640,3.9,3 Colors,L,Men
T-shirt 764,7211680,3.4,3 Colors,XL,Women
Hoodie 765,1343360,4.9,3 Colors,XXL,Unisex
Outerwear 767,4152800,4.5,3 Colors,M,Women
Jacket 768,5662080,4.9,3 Colors,L,Unisex
Crewneck 769,6294560,3.3,3 Colors,XL,Men
T-shirt 770,1655040,3.5,3 Colors,XXL,Women
Pants 772,8748160,3.4,3 Colors,M,Men
Outerwear 773,3393600,3.2,3 Colors,L,Women
Jacket 774,1485760,4.1,3 Colors,XL,Unisex
Crewneck 775,8189440,3.1,3 Colors,XXL,Men
T-shirt 776,5333120,3.7,3 Colors,S,Women
Hoodie 777,6104800,3.4,3 Colors,M,Unisex
Pants 778,6034720,4.2,3 Colors,L,Men
Outerwear 779,5816480,3.2,3 Colors,XL,Women
Jacket 780,2767520,3.4,3 Colors,XXL,Unisex
T-shirt 782,4117439,4.5,3 Colors,M,Women
Hoodie 783,2510720,3.0,3 Colors,L,Unisex
Pants 784,5341280,3.0,3 Colors,XL,Men
Outerwear 785,6444480,4.3,3 Colors,XXL,Women
Jacket 786,6749280,5.0,3 Colors,S,Unisex
Crewneck 787,4593600,4.7,3 Colors,M,Men
T-shirt 788,3041120,4.7,3 Colors,L,Women
Hoodie 789,2153280,4.0,3 Colors,XL,Unisex
Pants 790,1708320,3.2,3 Colors,XXL,Men
Jacket 792,4068960,3.8,3 Colors,M,Unisex
Crewneck 793,8650080,4.0,3 Colors,L,Men
T-shirt 794,5983040,4.0,3 Colors,XL,Women
Hoodie 795,4209600,3.9,3 Colors,XXL,Unisex
Outerwear 797,2771360,4.9,3 Colors,M,Women
Jacket 798,4391040,3.4,3 Colors,L,Unisex
Crewneck 799,4048800,4.2,3 Colors,XL,Men
T-shirt 800,7433280,4.6,3 Colors,XXL,Women
Pants 802,5710240,4.4,3 Colors,M,Men
Outerwear 803,1875360,4.3,3 Colors,L,Women
Jacket 804,4459040,3.9,3 Colors,XL,Unisex
Crewneck 805,3266720,4.8,3 Colors,XXL,Men
T-shirt 806,7310560,3.0,3 Colors,S,Women
Hoodie 807,5016000,4.7,3 Colors,M,Unisex
Pants 808,8717760,3.2,3 Colors,L,Men
Outerwear 809,7162560,3.7,3 Colors,XL,Women
Jacket 810,3796640,4.8,3 Colors,XXL,Unisex
T-shirt 812,6406080,4.2,3 Colors,M,Women
Hoodie 813,4872800,5.0,3 Colors,L,Unisex
Pants 814,1110080,4.7,3 Colors,XL,Men
Outerwear 815,5985440,4.8,3 Colors,XXL,Women
Jacket 816,1649120,4.5,3 Colors,S,Unisex
Crewneck 817,8744160,4.4,3 Colors,M,Men
T-shirt 818,5160320,3.8,3 Colors,L,Women
Hoodie 819,4742400,4.7,3 Colors,XL,Unisex
Pants 820,6030720,3.4,3 Colors,XXL,Men
Jacket 822,838240,4.2,3 Colors,M,Unisex
Crewneck 823,6103520,4.7,3 Colors,L,Men
T-shirt 824,3301440,4.1,3 Colors,XL,Women
Hoodie 825,1058400,3.8,3 Colors,XXL,Unisex
Outerwear 827,7091040,4.8,3 Colors,M,Women
Jacket 828,2324000,4.6,3 Colors,L,Unisex
Crewneck 829,4630400,4.4,3 Colors,XL,Men
T-shirt 830,4496480,3.0,3 Colors,XXL,Women
Pants 832,3955360,4.6,3 Colors,M,Men
Outerwear 833,7101280,3.0,3 Colors,L,Women
Jacket 834,7223680,3.1,3 Colors,XL,Unisex
Crewneck 835,7143360,3.9,3 Colors,XXL,Men
T-shirt 836,6065440,4.1,3 Colors,S,Women
Hoodie 837,5532640,5.0,3 Colors,M,Unisex
Pants 838,2848800,3.1,3 Colors,L,Men
Outerwear 839,4208320,3.9,3 Colors,XL,Women
Jacket 840,8164640,3.6,3 Colors,XXL,Unisex
T-shirt 842,2859040,3.3,3 Colors,M,Women
Hoodie 843,2997120,3.6,3 Colors,L,Unisex
Pants 844,7422880,3.9,3 Colors,XL,Men
Outerwear 845,2023200,3.2,3 Colors,XXL,Women
Jacket 846,7480480,3.6,3 Colors,S,Unisex
Crewneck 847,4789920,3.7,3 Colors,M,Men
T-shirt 848,6134240,4.1,3 Colors,L,Women
Hoodie 849,7816160,3.5,3 Colors,XL,Unisex
Pants 850,4144160,4.2,3 Colors,XXL,Men
Jacket 852,2777280,4.1,3 Colors,M,Unisex
Crewneck 853,2643840,3.4,3 Colors,L,Men
T-shirt 854,1600000,4.5,3 Colors,XL,Women
Hoodie 855,3249760,5.0,3 Colors,XXL,Unisex
Outerwear 857,4532800,3.0,3 Colors,M,Women
Jacket 858,3748640,3.7,3 Colors,L,Unisex
Crewneck 859,6418560,3.0,3 Colors,XL,Men
T-shirt 860,2419360,4.7,3 Colors,XXL,Women
Pants 862,4131359,3.3,3 Colors,M,Men
Outerwear 863,1071360,4.0,3 Colors,L,Women
Jacket 864,2168000,4.5,3 Colors,XL,Unisex
Crewneck 865,6805120,3.9,3 Colors,XXL,Men
T-shirt 866,2399040,3.2,3 Colors,S,Women
Hoodie 867,1303840,3.3,3 Colors,M,Unisex
Pants 868,7473760,4.6,3 Colors,L,Men
Outerwear 869,6040320,4.5,3 Colors,XL,Women
Jacket 870,6395040,3.5,3 Colors,XXL,Unisex
T-shirt 872,1343680,4.3,3 Colors,M,Women
Hoodie 873,8321600,4.8,3 Colors,L,Unisex
Pants 874,2755200,4.4,3 Colors,XL,Men
Outerwear 875,2506720,4.6,3 Colors,XXL,Women
Jacket 876,3225760,4.6,3 Colors,S,Unisex
Crewneck 877,4552640,4.6,3 Colors,M,Men
T-shirt 878,4809760,4.7,3 Colors,L,Women
Hoodie 879,1026880,3.1,3 Colors,XL,Unisex
Pants 880,6497760,4.3,3 Colors,XXL,Men
Jacket 882,6420960,3.3,3 Colors,M,Unisex
Crewneck 883,5901120,3.6,3 Colors,L,Men
T-shirt 884,7414720,4.3,3 Colors,XL,Women
Hoodie 885,4760640,3.4,3 Colors,XXL,Unisex
Outerwear 887,7806400,3.8,3 Colors,M,Women
Jacket 888,7869280,4.2,3 Colors,L,Unisex
Crewneck 889,6333920,4.6,3 Colors,XL,Men
T-shirt 890,6439040,4.7,3 Colors,XXL,Women
Pants 892,8515360,4.4,3 Colors,M,Men
Outerwear 893,2673600,3.2,3 Colors,L,Women
Jacket 894,2946560,4.8,3 Colors,XL,Unisex
Crewneck 895,1126720,4.3,3 Colors,XXL,Men
T-shirt 896,7873760,4.9,3 Colors,S,Women
Hoodie 897,6077920,3.1,3 Colors,M,Unisex
Pants 898,8408640,4.1,3 Colors,L,Men
Outerwear 899,6192960,4.8,3 Colors,XL,Women
Jacket 900,7214240,3.3,3 Colors,XXL,Unisex
T-shirt 902,3164000,3.6,3 Colors,M,Women
Hoodie 903,2617920,4.1,3 Colors,L,Unisex
Pants 904,3356320,3.9,3 Colors,XL,Men
Outerwear 905,5027840,4.9,3 Colors,XXL,Women
Jacket 906,4301760,3.9,3 Colors,S,Unisex
Crewneck 907,8732640,4.9,3 Colors,M,Men
T-shirt 908,7954880,4.2,3 Colors,L,Women
Hoodie 909,8383840,3.6,3 Colors,XL,Unisex
Pants 910,2395200,4.7,3 Colors,XXL,Men
Jacket 912,7853280,4.9,3 Colors,M,Unisex
Crewneck 913,3222240,3.5,3 Colors,L,Men
T-shirt 914,5799200,4.6,3 Colors,XL,Women
Hoodie 915,2649120,4.2,3 Colors,XXL,Unisex
Outerwear 917,6061600,4.0,3 Colors,M,Women
Jacket 918,5380800,3.3,3 Colors,L,Unisex
Crewneck 919,8364000,4.7,3 Colors,XL,Men
T-shirt 920,3706080,3.2,3 Colors,XXL,Women
Pants 922,1210880,4.4,3 Colors,M,Men
Outerwear 923,2435840,3.7,3 Colors,L,Women
Jacket 924,3764320,3.8,3 Colors,XL,Unisex
Crewneck 925,7900800,4.5,3 Colors,XXL,Men
T-shirt 926,1911040,4.6,3 Colors,S,Women
Hoodie 927,7706400,3.5,3 Colors,M,Unisex
Pants 928,3911680,3.4,3 Colors,L,Men
Outerwear 929,1253440,3.3,3 Colors,XL,Women
Jacket 930,1741120,4.9,3 Colors,XXL,Unisex
T-shirt 932,5937600,4.2,3 Colors,M,Women
Hoodie 933,4960800,3.4,3 Colors,L,Unisex
Pants 934,2248160,3.6,3 Colors,XL,Men
Outerwear 935,6048000,4.1,3 Colors,XXL,Women
Jacket 936,6165440,3.1,3 Colors,S,Unisex
Crewneck 937,2475360,4.1,3 Colors,M,Men
T-shirt 938,4058400,3.6,3 Colors,L,Women
Hoodie 939,4466080,4.8,3 Colors,XL,Unisex
Pants 940,5776000,3.7,3 Colors,XXL,Men
Jacket 942,7972960,3.0,3 Colors,M,Unisex
Crewneck 943,4571040,4.4,3 Colors,L,Men
T-shirt 944,1578240,4.6,3 Colors,XL,Women
Hoodie 945,2107680,4.2,3 Colors,XXL,Unisex
Outerwear 947,7079680,4.6,3 Colors,M,Women
Jacket 948,4600480,3.9,3 Colors,L,Unisex
Crewneck 949,1844320,4.4,3 Colors,XL,Men
T-shirt 950,7691680,4.9,3 Colors,XXL,Women
Pants 952,7155040,3.7,3 Colors,M,Men
Outerwear 953,8423200,3.8,3 Colors,L,Women
Jacket 954,3878720,4.1,3 Colors,XL,Unisex
Crewneck 955,7006560,4.7,3 Colors,XXL,Men
T-shirt 956,4457600,3.1,3 Colors,S,Women
Hoodie 957,4024320,4.4,3 Colors,M,Unisex
Pants 958,3946240,4.8,3 Colors,L,Men
Outerwear 959,6828480,4.6,3 Colors,XL,Women
Jacket 960,5840160,4.5,3 Colors,XXL,Unisex
T-shirt 962,2887840,4.1,3 Colors,M,Women
Hoodie 963,7916160,4.6,3 Colors,L,Unisex
Pants 964,3885280,3.3,3 Colors,XL,Men
Outerwear 965,3107200,4.5,3 Colors,XXL,Women
Jacket 966,8499520,4.9,3 Colors,S,Unisex
Crewneck 967,1744000,3.5,3 Colors,M,Men
T-shirt 968,4045120,4.4,3 Colors,L,Women
Hoodie 969,4231840,3.8,3 Colors,XL,Unisex
Pants 970,952960,4.6,3 Colors,XXL,Men
Jacket 972,7272000,4.4,3 Colors,M,Unisex
Crewneck 973,7134400,3.9,3 Colors,L,Men
T-shirt 974,4769280,3.0,3 Colors,XL,Women
Hoodie 975,4816000,3.6,3 Colors,XXL,Unisex
Outerwear 977,3356000,3.6,3 Colors,M,Women
Jacket 978,3918240,3.6,3 Colors,L,Unisex
Crewneck 979,4848480,3.4,3 Colors,XL,Men
T-shirt 980,6544000,3.1,3 Colors,XXL,Women
Pants 982,7281760,4.9,3 Colors,M,Men
Outerwear 983,5762560,3.2,3 Colors,L,Women
Jacket 984,7349440,3.8,3 Colors,XL,Unisex
Crewneck 985,6236000,4.3,3 Colors,XXL,Men
T-shirt 986,6713760,4.5,3 Colors,S,Women
Hoodie 987,4008000,4.7,3 Colors,M,Unisex
Pants 988,2054239,3.5,3 Colors,L,Men
Outerwear 989,6869440,4.2,3 Colors,XL,Women
Jacket 990,3327360,4.2,3 Colors,XXL,Unisex
T-shirt 992,4840480,4.9,3 Colors,M,Women
Hoodie 993,6361920,3.4,3 Colors,L,Unisex
Pants 994,1693760,4.4,3 Colors,XL,Men
Outerwear 995,8046720,3.2,3 Colors,XXL,Women
Jacket 996,6942400,4.3,3 Colors,S,Unisex
Crewneck 997,5321280,3.9,3 Colors,M,Men
T-shirt 998,908000,4.2,3 Colors,L,Women
Hoodie 999,8534240,4.8,3 Colors,XL,Unisex
Pants 1000,2938240,4.7,3 Colors,XXL,Men
